-- DEMO
INSERT INTO menu (id, title, info, enabled, restaurant_id) VALUES ('c4fe0495-b675-41d9-b525-52b7449470c3', 'Podolka Menu', 'Podolka Menu Description', TRUE, '2986caca-8abe-4673-981c-46a33be4ba59');
INSERT INTO menu (id, title, info, enabled, restaurant_id) VALUES ('e1b5c31f-35e3-410f-875f-0ed53655ede5', 'Lorem Menu', 'Lorem Menu Description', TRUE, '6a7e1070-4746-49fb-80b3-5022b4488fd3');
INSERT INTO menu (id, title, info, enabled, restaurant_id) VALUES ('ab10c920-082c-486c-8ef6-da1973df2de4', 'Ipsum Menu', 'Ipsum Menu Description', TRUE, '1594f20b-536d-4260-bb59-19ae55b96b3b');

INSERT INTO category (id, name, description, enabled, menu_id) VALUES ('9ba723e6-4688-4d3d-93ff-503d4ad987dd', 'Soups', 'Podolka Soups', TRUE, 'c4fe0495-b675-41d9-b525-52b7449470c3');
INSERT INTO category (id, name, description, enabled, menu_id) VALUES ('351ea04e-7d77-4478-8b18-fd67a697181c', 'Lunch', 'Podolka Lunch', TRUE, 'c4fe0495-b675-41d9-b525-52b7449470c3');
INSERT INTO category (id, name, description, enabled, menu_id) VALUES ('1985329b-636d-45ef-a8c5-99de8d3e4281', 'Dinner', 'Podolka Dinner', TRUE, 'c4fe0495-b675-41d9-b525-52b7449470c3');
INSERT INTO category (id, name, description, enabled, menu_id) VALUES ('b703176a-b090-49fc-aaa8-700d87334e4f', 'Soups', 'Lorem Soups', TRUE, 'e1b5c31f-35e3-410f-875f-0ed53655ede5');
INSERT INTO category (id, name, description, enabled, menu_id) VALUES ('44162898-f82d-4d92-ab5c-7acc6197581c', 'Lunch', 'Lorem Lunch', TRUE, 'e1b5c31f-35e3-410f-875f-0ed53655ede5');
INSERT INTO category (id, name, description, enabled, menu_id) VALUES ('2a746f91-5e97-48df-982d-67f83c40f8cb', 'Dinner', 'Lorem Dinner', TRUE, 'e1b5c31f-35e3-410f-875f-0ed53655ede5');
INSERT INTO category (id, name, description, enabled, menu_id) VALUES ('b2acbed2-0808-43eb-8406-b56aee68085d', 'Soups', 'Ipsum Soups', TRUE, 'ab10c920-082c-486c-8ef6-da1973df2de4');
INSERT INTO category (id, name, description, enabled, menu_id) VALUES ('53ff954e-4612-4acb-91ea-8110bd4efbfe', 'Lunch', 'Ipsum Lunch', TRUE, 'ab10c920-082c-486c-8ef6-da1973df2de4');
INSERT INTO category (id, name, description, enabled, menu_id) VALUES ('e5bfc7a8-7035-4381-81a5-24b4e7aaa4c1', 'Dinner', 'Ipsum Dinner', TRUE, 'ab10c920-082c-486c-8ef6-da1973df2de4');

INSERT INTO item (id, name, price, enabled, description, image, category_id) VALUES ('c4242442-168b-4fb7-ab60-a0145d50ee27', 'Garlic', '100', TRUE, NULL, NULL, '9ba723e6-4688-4d3d-93ff-503d4ad987dd');
INSERT INTO item (id, name, price, enabled, description, image, category_id) VALUES ('077f146d-6a74-484d-9b09-835541d677bb', 'Tomato', '100', TRUE, NULL, NULL, '9ba723e6-4688-4d3d-93ff-503d4ad987dd');
INSERT INTO item (id, name, price, enabled, description, image, category_id) VALUES ('9fd7ce82-a8ae-42e2-bcbb-2c655a9c2d57', 'Pumpkin', '100', TRUE, NULL, NULL, '9ba723e6-4688-4d3d-93ff-503d4ad987dd');
INSERT INTO item (id, name, price, enabled, description, image, category_id) VALUES ('93288581-1beb-4ea5-b3ea-03dea15f7f03', 'Beef steak', '100', TRUE, NULL, NULL, '351ea04e-7d77-4478-8b18-fd67a697181c');
INSERT INTO item (id, name, price, enabled, description, image, category_id) VALUES ('566ec6e5-0461-41fc-bdde-b9e388c8570f', 'Hamburger', '100', TRUE, NULL, NULL, '351ea04e-7d77-4478-8b18-fd67a697181c');
INSERT INTO item (id, name, price, enabled, description, image, category_id) VALUES ('b35934aa-bc4e-4236-a61d-24f9da7c3ca9', 'Lasagne', '100', TRUE, NULL, NULL, '351ea04e-7d77-4478-8b18-fd67a697181c');
INSERT INTO item (id, name, price, enabled, description, image, category_id) VALUES ('f7640178-7d69-49eb-89ff-92242716876c', 'Chimichangas', '100', TRUE, NULL, NULL, '1985329b-636d-45ef-a8c5-99de8d3e4281');
INSERT INTO item (id, name, price, enabled, description, image, category_id) VALUES ('d421b6f2-cae2-4769-a287-bb92748bace1', 'Garlic', '100', TRUE, NULL, NULL, 'b703176a-b090-49fc-aaa8-700d87334e4f');
INSERT INTO item (id, name, price, enabled, description, image, category_id) VALUES ('87572b23-61cf-45fc-b08e-ecfb49349d29', 'Tomato', '100', TRUE, NULL, NULL, 'b703176a-b090-49fc-aaa8-700d87334e4f');
INSERT INTO item (id, name, price, enabled, description, image, category_id) VALUES ('5faa9f90-4c2a-4b94-b84b-4b1007336dd5', 'Pumpkin', '100', TRUE, NULL, NULL, 'b703176a-b090-49fc-aaa8-700d87334e4f');
INSERT INTO item (id, name, price, enabled, description, image, category_id) VALUES ('8e670e96-41e3-45d1-a892-f0742c60eb95', 'Beef steak', '100', TRUE, NULL, NULL, '44162898-f82d-4d92-ab5c-7acc6197581c');
INSERT INTO item (id, name, price, enabled, description, image, category_id) VALUES ('5b39d84c-2c24-41e2-b66c-147466ff417b', 'Hamburger', '100', TRUE, NULL, NULL, '44162898-f82d-4d92-ab5c-7acc6197581c');
INSERT INTO item (id, name, price, enabled, description, image, category_id) VALUES ('d6266bbc-3f10-46da-8979-394ad75d00ba', 'Lasagne', '100', TRUE, NULL, NULL, '44162898-f82d-4d92-ab5c-7acc6197581c');
INSERT INTO item (id, name, price, enabled, description, image, category_id) VALUES ('bd55fda5-7616-4622-b0be-821ef795fbaf', 'Chimichangas', '100', TRUE, NULL, NULL, '2a746f91-5e97-48df-982d-67f83c40f8cb');
INSERT INTO item (id, name, price, enabled, description, image, category_id) VALUES ('8250fccd-de34-4c30-9851-82e5efbffb33', 'Garlic', '100', TRUE, NULL, NULL, 'b2acbed2-0808-43eb-8406-b56aee68085d');
INSERT INTO item (id, name, price, enabled, description, image, category_id) VALUES ('01ea7dcd-d90a-48e9-83fd-f723514b7493', 'Tomato', '100', TRUE, NULL, NULL, 'b2acbed2-0808-43eb-8406-b56aee68085d');
INSERT INTO item (id, name, price, enabled, description, image, category_id) VALUES ('3de7b246-4390-4d24-88b4-b10336966743', 'Pumpkin', '100', TRUE, NULL, NULL, 'b2acbed2-0808-43eb-8406-b56aee68085d');
INSERT INTO item (id, name, price, enabled, description, image, category_id) VALUES ('5190b888-88a8-443a-823b-2a2a98be1ea9', 'Beef steak', '100', TRUE, NULL, NULL, '53ff954e-4612-4acb-91ea-8110bd4efbfe');
INSERT INTO item (id, name, price, enabled, description, image, category_id) VALUES ('8e1b1ac7-727b-42b2-a178-10eb2191f729', 'Hamburger', '100', TRUE, NULL, NULL, '53ff954e-4612-4acb-91ea-8110bd4efbfe');
INSERT INTO item (id, name, price, enabled, description, image, category_id) VALUES ('7c34a8f3-495c-40f6-98fc-61b5119b3c11', 'Lasagne', '100', TRUE, NULL, NULL, '53ff954e-4612-4acb-91ea-8110bd4efbfe');
INSERT INTO item (id, name, price, enabled, description, image, category_id) VALUES ('86107b26-d88d-4595-a1c1-a6b79aa1d1c1', 'Chimichangas', '100', TRUE, NULL, NULL, 'e5bfc7a8-7035-4381-81a5-24b4e7aaa4c1');

INSERT INTO alergen (id, name) VALUES ('a3db0d67-b743-49ee-97a3-53c30bd64a5c', 'CELERY');
INSERT INTO alergen (id, name) VALUES ('1d925a6c-0e89-482f-b33e-f460553248fc', 'GLUTEN');
INSERT INTO alergen (id, name) VALUES ('92a0d913-251e-4bb0-beb4-e40584013014', 'CRUSTACEANS');
INSERT INTO alergen (id, name) VALUES ('71f22654-1bf5-483c-b74a-e3884c83e973', 'EGGS');
INSERT INTO alergen (id, name) VALUES ('4f349434-0ba0-443d-bd7b-f3287ecd3963', 'FISH');
INSERT INTO alergen (id, name) VALUES ('26f60768-e5e2-4f86-a439-0368c937f112', 'LUPIN');
INSERT INTO alergen (id, name) VALUES ('35af037b-e4ab-4123-893d-b12374e0837c', 'MILK');
INSERT INTO alergen (id, name) VALUES ('805f6f40-cf14-434b-b4b9-02de5d31b403', 'MOLLUSCS');
INSERT INTO alergen (id, name) VALUES ('8dc14f8e-65d7-4acc-aae7-bfc5b1969144', 'MUSTARD');
INSERT INTO alergen (id, name) VALUES ('694d747c-652d-404a-906e-063f7f82f3fe', 'PEANUTS');
INSERT INTO alergen (id, name) VALUES ('ce99edf1-af81-471b-8290-d25dc1588125', 'SESAME');
INSERT INTO alergen (id, name) VALUES ('d8dc13a7-456d-4d93-ac53-9b9af536f400', 'SOYBEANS');
INSERT INTO alergen (id, name) VALUES ('b722ec89-596b-4a4b-ae68-599672e5247f', 'SULPHUR_DIOXIDE_AND_SULPHITES');
INSERT INTO alergen (id, name) VALUES ('f634adf8-9343-48b9-aecd-013a2fcfc6e8', 'TREE_NUTS');

INSERT INTO item_alergen_xref (id, item_id, alergen_id) VALUES ('104c2318-96e4-4f20-850f-dc5dd97fd6f1', 'c4242442-168b-4fb7-ab60-a0145d50ee27', 'a3db0d67-b743-49ee-97a3-53c30bd64a5c');
INSERT INTO item_alergen_xref (id, item_id, alergen_id) VALUES ('e16a9fe6-9a25-4786-869b-f2a7c90ffdc1', '077f146d-6a74-484d-9b09-835541d677bb', '1d925a6c-0e89-482f-b33e-f460553248fc');
INSERT INTO item_alergen_xref (id, item_id, alergen_id) VALUES ('0a13726a-6b4a-42f1-9232-1962074bfa50', '9fd7ce82-a8ae-42e2-bcbb-2c655a9c2d57', '92a0d913-251e-4bb0-beb4-e40584013014');
INSERT INTO item_alergen_xref (id, item_id, alergen_id) VALUES ('cac6d716-f7b0-4459-bce4-e3a72632e182', '93288581-1beb-4ea5-b3ea-03dea15f7f03', '71f22654-1bf5-483c-b74a-e3884c83e973');
INSERT INTO item_alergen_xref (id, item_id, alergen_id) VALUES ('8f522721-f275-4bbb-b4bd-1d87638fdadd', '566ec6e5-0461-41fc-bdde-b9e388c8570f', '4f349434-0ba0-443d-bd7b-f3287ecd3963');
INSERT INTO item_alergen_xref (id, item_id, alergen_id) VALUES ('bea1a246-4307-46af-bd4f-e65db51a9494', 'b35934aa-bc4e-4236-a61d-24f9da7c3ca9', '26f60768-e5e2-4f86-a439-0368c937f112');
INSERT INTO item_alergen_xref (id, item_id, alergen_id) VALUES ('1d010c70-c789-452a-8e61-72356546fa4d', 'f7640178-7d69-49eb-89ff-92242716876c', '35af037b-e4ab-4123-893d-b12374e0837c');
INSERT INTO item_alergen_xref (id, item_id, alergen_id) VALUES ('f638792b-cd5d-4728-a7e1-c9cec527ace5', 'd421b6f2-cae2-4769-a287-bb92748bace1', '805f6f40-cf14-434b-b4b9-02de5d31b403');
INSERT INTO item_alergen_xref (id, item_id, alergen_id) VALUES ('f5b9f5a4-9167-47d7-8870-0890123688bd', '87572b23-61cf-45fc-b08e-ecfb49349d29', '8dc14f8e-65d7-4acc-aae7-bfc5b1969144');
INSERT INTO item_alergen_xref (id, item_id, alergen_id) VALUES ('4cdd8e40-e117-493b-87e9-73b1b90bfed4', '5faa9f90-4c2a-4b94-b84b-4b1007336dd5', '694d747c-652d-404a-906e-063f7f82f3fe');
INSERT INTO item_alergen_xref (id, item_id, alergen_id) VALUES ('c98d11b7-0249-4c6b-8ed9-20152db10aeb', '8e670e96-41e3-45d1-a892-f0742c60eb95', 'ce99edf1-af81-471b-8290-d25dc1588125');
INSERT INTO item_alergen_xref (id, item_id, alergen_id) VALUES ('df6b8163-be37-43d1-8977-143bbe063791', '5b39d84c-2c24-41e2-b66c-147466ff417b', 'd8dc13a7-456d-4d93-ac53-9b9af536f400');
INSERT INTO item_alergen_xref (id, item_id, alergen_id) VALUES ('07cc627b-d947-478f-be1f-0cade7efbec1', 'd6266bbc-3f10-46da-8979-394ad75d00ba', 'b722ec89-596b-4a4b-ae68-599672e5247f');
INSERT INTO item_alergen_xref (id, item_id, alergen_id) VALUES ('93c59721-823e-419b-9d76-fd6fd1a49b75', 'bd55fda5-7616-4622-b0be-821ef795fbaf', 'f634adf8-9343-48b9-aecd-013a2fcfc6e8');
INSERT INTO item_alergen_xref (id, item_id, alergen_id) VALUES ('b0e7251b-2bad-4312-a3c3-d999ac780808', '8250fccd-de34-4c30-9851-82e5efbffb33', 'a3db0d67-b743-49ee-97a3-53c30bd64a5c');
INSERT INTO item_alergen_xref (id, item_id, alergen_id) VALUES ('84ceb851-4c66-4059-84d9-e3c36aa0e5d2', '01ea7dcd-d90a-48e9-83fd-f723514b7493', '1d925a6c-0e89-482f-b33e-f460553248fc');
INSERT INTO item_alergen_xref (id, item_id, alergen_id) VALUES ('065727d6-c497-4c95-ae11-2a7b488021ac', '3de7b246-4390-4d24-88b4-b10336966743', '92a0d913-251e-4bb0-beb4-e40584013014');
INSERT INTO item_alergen_xref (id, item_id, alergen_id) VALUES ('4395e064-3b15-4ef2-9029-5989afde3edb', '5190b888-88a8-443a-823b-2a2a98be1ea9', '71f22654-1bf5-483c-b74a-e3884c83e973');
INSERT INTO item_alergen_xref (id, item_id, alergen_id) VALUES ('8095278f-80cf-4991-a758-5c928411c9bb', '8e1b1ac7-727b-42b2-a178-10eb2191f729', '4f349434-0ba0-443d-bd7b-f3287ecd3963');
INSERT INTO item_alergen_xref (id, item_id, alergen_id) VALUES ('b5105ef8-09ba-4a46-8365-6ff04f20c69d', '7c34a8f3-495c-40f6-98fc-61b5119b3c11', '26f60768-e5e2-4f86-a439-0368c937f112');
INSERT INTO item_alergen_xref (id, item_id, alergen_id) VALUES ('e484e87d-94a8-4c5b-a031-491248971731', '86107b26-d88d-4595-a1c1-a6b79aa1d1c1', '35af037b-e4ab-4123-893d-b12374e0837c');
